user_id,total_volume,total_pnl,trade_count
3003,285.98,69146.69129999999,54
3001,265.17,27299.276700000002,55
3004,283.57,-200.45690000000127,53
