user_id,total_volume,total_pnl,trade_count
3005,298.57,-11863.622599999999,51
3003,285.98,69146.69129999999,54
3004,283.57,-200.45690000000127,53
